Enterprise Beach,g1183194-d555825,292
Enterprise Beach,g1183194-d555825,292
Enterprise Beach,g1183194-d555825,292
Enterprise Beach,g1183194-d555825,292
Enterprise Beach,g1183194-d555825,292
Enterprise Beach,g1183194-d555825,292
Arashi Beach,g147249-d148915,1301
Arashi Beach,g147249-d148915,1301
Arashi Beach,g147249-d148915,1301
Arashi Beach,g147249-d148915,1301
Arashi Beach,g147249-d148915,1301
Arashi Beach,g147249-d148915,1301
Arashi Beach,g147249-d148915,1301
Eagle Beach,g147249-d150447,4241
Eagle Beach,g147249-d150447,4241
Eagle Beach,g147249-d150447,4241
Eagle Beach,g147249-d150447,4241
Eagle Beach,g147249-d150447,4241
Eagle Beach,g147249-d150447,4241
Eagle Beach,g147249-d150447,4241
Palm Beach,g147249-d539183,4014
Palm Beach,g147249-d539183,4014
Palm Beach,g147249-d539183,4014
Palm Beach,g147249-d539183,4014
Palm Beach,g147249-d539183,4014
Palm Beach,g147249-d539183,4014
Palm Beach,g147249-d539183,4014
Crane Beach,g147264-d149093,516
Crane Beach,g147264-d149093,516
Crane Beach,g147264-d149093,516
Crane Beach,g147264-d149093,516
Crane Beach,g147264-d149093,516
Crane Beach,g147264-d149093,516
Bavaro Beach,g147293-d215733,9005
Bavaro Beach,g147293-d215733,9005
Bavaro Beach,g147293-d215733,9005
Bavaro Beach,g147293-d215733,9005
Bavaro Beach,g147293-d215733,9005
Bavaro Beach,g147293-d215733,9005
Bavaro Beach,g147293-d215733,9005
Low Review,g147312-d1997485,3150
Low Review,g147312-d1997485,3150
Low Review,g147312-d1997485,3150
Low Review,g147312-d1997485,3150
Low Review,g147312-d1997485,3150
Low Review,g147312-d1997485,3150
Low Review,g147312-d1997485,3150
Low Rated,g147313-d148623,4024
Low Rated,g147313-d148623,4024
Low Rated,g147313-d148623,4024
Low Rated,g147313-d148623,4024
Low Rated,g147313-d148623,4014
Low Rated,g147313-d148623,4024
Low Rated,g147313-d148623,4024
Low Rated,g147313-d148623,4024
Reduit Beach,g147342-d149013,185
Reduit Beach,g147342-d149013,185
Jalousie Beach,g147342-d149221,147
Jalousie Beach,g147342-d149221,147
Jalousie Beach,g147342-d149221,147
Jalousie Beach,g147342-d149221,147
Jalousie Beach,g147342-d149221,147
Jalousie Beach,g147342-d149221,147
Anse Chastanet Beach and Reef,g147342-d150064,189
Anse Chastanet Beach and Reef,g147342-d150064,189
Anse Chastanet Beach and Reef,g147342-d150064,189
Anse Chastanet Beach and Reef,g147342-d150064,189
Anse Chastanet Beach and Reef,g147342-d150064,189
Anse Chastanet Beach and Reef,g147342-d150064,189
Anse Chastanet Beach and Reef,g147342-d150064,189
Stingray City,g147365-d2198364,3613
Stingray City,g147365-d2198364,3613
Stingray City,g147365-d2198364,3613
Stingray City,g147365-d2198364,3607
Stingray City,g147365-d2198364,3613
Stingray City,g147365-d2198364,3613
Stingray City,g147365-d2198364,3613
Stingray City,g147365-d2198364,3613
Cayman Spirits Co Distillery,g147366-d4729113,492
Cayman Spirits Co Distillery,g147366-d4729113,492
Seven Mile Beach,g147367-d2385044,2655
Seven Mile Beach,g147367-d2385044,2655
Seven Mile Beach,g147367-d2385044,2655
Seven Mile Beach,g147367-d2385044,2655
Seven Mile Beach,g147367-d2385044,2655
Seven Mile Beach,g147367-d2385044,2655
Seven Mile Beach,g147367-d2385044,2655
Playa Bonita,g259440-d2006612,505
Playa Bonita,g259440-d2006612,505
Playa Bonita,g259440-d2006612,505
Playa Bonita,g259440-d2006612,505
Playa Bonita,g259440-d2006612,505
Playa Bonita,g259440-d2006612,505
Playa Bonita,g259440-d2006612,505
Sosua Beach,g317146-d149676,900
Sosua Beach,g317146-d149676,900
Sosua Beach,g317146-d149676,900
Sosua Beach,g317146-d149676,900
Sosua Beach,g317146-d149676,900
Sosua Beach,g317146-d149676,900
Philips Animal Garden,g488162-d2513634,662
Philips Animal Garden,g488162-d2513634,662
Philips Animal Garden,g488162-d2513634,662
Philips Animal Garden,g488162-d2513634,662
Philips Animal Garden,g488162-d2513634,662
Philips Animal Garden,g488162-d2513634,662
Dover Beach,g666621-d4053401,813
Dover Beach,g666621-d4053401,813
Dover Beach,g666621-d4053401,813
Dover Beach,g666621-d4053401,813
Dover Beach,g666621-d4053401,813
Dover Beach,g666621-d4053401,813
Dover Beach,g666621-d4053401,813
